Episode,Ep start ts,Feedback ts,Human Reward,Environment Reward
1,16:57:39.807047,16:57:40.959607,1,-1.0
1,16:57:39.807047,16:57:41.559884,1,-1.0
1,16:57:39.807047,16:57:41.778182,1,-1.0
1,16:57:39.807047,16:57:41.977491,1,-1.0
1,16:57:39.807047,16:57:42.161979,1,-1.0
1,16:57:39.807047,16:57:42.352654,1,-1.0
1,16:57:39.807047,16:57:42.505983,1,-1.0
1,16:57:39.807047,16:57:42.652174,1,-1.0
1,16:57:39.807047,16:57:42.820483,1,-1.0
1,16:57:39.807047,16:57:42.955629,1,-1.0
1,16:57:39.807047,16:57:43.117178,1,-1.0
1,16:57:39.807047,16:57:43.253120,1,-1.0
1,16:57:39.807047,16:57:43.396592,1,-1.0
1,16:57:39.807047,16:57:43.562815,1,-1.0
1,16:57:39.807047,16:57:43.819539,1,-1.0
1,16:57:39.807047,16:57:43.987454,1,-1.0
1,16:57:39.807047,16:57:44.248548,1,-1.0
1,16:57:39.807047,16:57:44.429088,1,-1.0
1,16:57:39.807047,16:57:44.615677,1,-1.0
1,16:57:39.807047,16:57:44.777313,1,-1.0
1,16:57:39.807047,16:57:44.945974,1,-1.0
1,16:57:39.807047,16:57:45.136042,1,-1.0
1,16:57:39.807047,16:57:45.296539,1,-1.0
1,16:57:39.807047,16:57:45.427912,1,-1.0
1,16:57:39.807047,16:57:45.601403,1,-1.0
1,16:57:39.807047,16:57:45.767791,1,-1.0
1,16:57:39.807047,16:57:45.926598,1,-1.0
1,16:57:39.807047,16:57:46.261079,1,-1.0
1,16:57:39.807047,16:57:46.419964,1,-1.0
1,16:57:39.807047,16:57:46.564444,1,-1.0
1,16:57:39.807047,16:57:46.738258,1,-1.0
1,16:57:39.807047,16:57:46.917444,1,-1.0
1,16:57:39.807047,16:57:47.165964,1,-1.0
1,16:57:39.807047,16:57:47.430615,1,-1.0
1,16:57:39.807047,16:57:47.663336,1,-1.0
1,16:57:39.807047,16:57:48.259287,-1,-1.0
1,16:57:39.807047,16:57:48.498234,-1,-1.0
1,16:57:39.807047,16:57:48.641819,-1,-1.0
1,16:57:39.807047,16:57:48.805850,-1,-1.0
1,16:57:39.807047,16:57:48.988741,-1,-1.0
1,16:57:39.807047,16:57:49.185117,-1,-1.0
1,16:57:39.807047,16:57:49.372490,-1,-1.0
1,16:57:39.807047,16:57:49.580226,-1,-1.0
1,16:57:39.807047,16:57:49.771046,-1,-1.0
1,16:57:39.807047,16:57:50.004664,-1,-1.0
1,16:57:39.807047,16:57:50.277947,-1,-1.0
1,16:57:39.807047,16:57:50.538638,1,-1.0
1,16:57:39.807047,16:57:50.686580,1,-1.0
1,16:57:39.807047,16:57:50.836060,1,-1.0
1,16:57:39.807047,16:57:51.126354,1,-1.0
1,16:57:39.807047,16:57:51.283412,1,-1.0
1,16:57:39.807047,16:57:51.478898,1,-1.0
1,16:57:39.807047,16:57:51.649579,1,-1.0
1,16:57:39.807047,16:57:51.809723,1,-1.0
1,16:57:39.807047,16:57:51.991987,1,-1.0
1,16:57:39.807047,16:57:52.163461,1,-1.0
1,16:57:39.807047,16:57:52.337125,1,-1.0
1,16:57:39.807047,16:57:52.628406,1,-1.0
1,16:57:39.807047,16:57:52.814888,1,-1.0
1,16:57:39.807047,16:57:53.009583,1,-1.0
1,16:57:39.807047,16:57:53.172405,1,-1.0
1,16:57:39.807047,16:57:53.359792,1,-1.0
1,16:57:39.807047,16:57:53.561177,1,-1.0
1,16:57:39.807047,16:57:53.738175,1,-1.0
1,16:57:39.807047,16:57:53.961081,1,-1.0
1,16:57:39.807047,16:57:54.168250,1,-1.0
1,16:57:39.807047,16:57:54.358200,1,-1.0
1,16:57:39.807047,16:57:54.546546,1,-1.0
1,16:57:39.807047,16:57:54.733637,1,-1.0
1,16:57:39.807047,16:57:54.926888,1,-1.0
1,16:57:39.807047,16:57:55.113225,1,-1.0
1,16:57:39.807047,16:57:55.310634,1,-1.0
1,16:57:39.807047,16:57:55.517099,1,-1.0
1,16:57:39.807047,16:57:55.706728,1,-1.0
1,16:57:39.807047,16:57:55.900597,1,-1.0
1,16:57:39.807047,16:57:56.104440,1,-1.0
1,16:57:39.807047,16:57:56.321483,1,-1.0
1,16:57:39.807047,16:57:56.551840,1,-1.0
1,16:57:39.807047,16:57:56.764959,1,-1.0
1,16:57:39.807047,16:57:56.978659,1,-1.0
1,16:57:39.807047,16:57:57.206503,1,-1.0
1,16:57:39.807047,16:57:57.375487,1,-1.0
1,16:57:39.807047,16:57:57.592107,1,-1.0
1,16:57:39.807047,16:57:57.812006,1,-1.0
1,16:57:39.807047,16:57:58.036849,1,-1.0
1,16:57:39.807047,16:57:58.326495,1,-1.0
1,16:57:39.807047,16:57:58.559959,1,-1.0
1,16:57:39.807047,16:57:58.807831,1,-1.0
1,16:57:39.807047,16:57:59.053615,1,-1.0
1,16:57:39.807047,16:57:59.276128,1,-1.0
1,16:57:39.807047,16:57:59.492181,1,-1.0
1,16:57:39.807047,16:57:59.790949,1,-1.0
1,16:57:39.807047,16:57:59.956514,-1,-1.0
1,16:57:39.807047,16:58:00.128613,-1,-1.0
1,16:57:39.807047,16:58:00.293560,-1,-1.0
1,16:57:39.807047,16:58:00.452358,-1,-1.0
1,16:57:39.807047,16:58:00.677511,-1,-1.0
1,16:57:39.807047,16:58:00.845277,-1,-1.0
1,16:57:39.807047,16:58:01.020737,-1,-1.0
1,16:57:39.807047,16:58:01.200720,-1,-1.0
1,16:57:39.807047,16:58:01.408934,-1,-1.0
1,16:57:39.807047,16:58:01.630835,-1,-1.0
1,16:57:39.807047,16:58:01.723827,1,-1.0
1,16:57:39.807047,16:58:01.905979,1,-1.0
1,16:57:39.807047,16:58:02.055860,1,-1.0
1,16:57:39.807047,16:58:02.404308,-1,-1.0
1,16:57:39.807047,16:58:02.641610,-1,-1.0
1,16:57:39.807047,16:58:03.033811,1,-1.0
1,16:57:39.807047,16:58:03.238064,1,-1.0
1,16:57:39.807047,16:58:03.407737,1,-1.0
1,16:57:39.807047,16:58:03.564886,1,-1.0
1,16:57:39.807047,16:58:03.728951,1,-1.0
1,16:57:39.807047,16:58:03.870082,1,-1.0
1,16:57:39.807047,16:58:04.026291,1,-1.0
1,16:57:39.807047,16:58:04.187731,1,-1.0
1,16:57:39.807047,16:58:04.361879,1,-1.0
1,16:57:39.807047,16:58:04.529497,1,-1.0
1,16:57:39.807047,16:58:04.701864,1,-1.0
1,16:57:39.807047,16:58:04.872517,1,-1.0
1,16:57:39.807047,16:58:05.068205,1,-1.0
1,16:57:39.807047,16:58:05.237526,1,-1.0
1,16:57:39.807047,16:58:05.423950,1,-1.0
1,16:57:39.807047,16:58:05.588216,1,-1.0
1,16:57:39.807047,16:58:05.781768,1,-1.0
1,16:57:39.807047,16:58:05.966523,1,-1.0
1,16:57:39.807047,16:58:06.161318,1,-1.0
1,16:57:39.807047,16:58:06.377386,1,-1.0
1,16:57:39.807047,16:58:06.593580,1,-1.0
1,16:57:39.807047,16:58:06.798323,1,-1.0
1,16:57:39.807047,16:58:07.088992,-1,-1.0
1,16:57:39.807047,16:58:07.451974,-1,-1.0
1,16:57:39.807047,16:58:08.054805,1,-1.0
1,16:57:39.807047,16:58:08.549003,1,-1.0
1,16:57:39.807047,16:58:08.744519,1,-1.0
1,16:57:39.807047,16:58:08.939384,1,-1.0
1,16:57:39.807047,16:58:09.102402,1,-1.0
1,16:57:39.807047,16:58:09.291555,1,-1.0
1,16:57:39.807047,16:58:09.481634,1,-1.0
1,16:57:39.807047,16:58:09.642167,1,-1.0
1,16:57:39.807047,16:58:09.824294,1,-1.0
1,16:57:39.807047,16:58:10.011403,1,-1.0
1,16:57:39.807047,16:58:10.206527,1,-1.0
1,16:57:39.807047,16:58:10.401864,1,-1.0
1,16:57:39.807047,16:58:10.612662,1,-1.0
1,16:57:39.807047,16:58:10.810376,1,-1.0
1,16:57:39.807047,16:58:11.020343,1,-1.0
1,16:57:39.807047,16:58:11.235518,1,-1.0
1,16:57:39.807047,16:58:11.429132,1,-1.0
1,16:57:39.807047,16:58:11.612219,1,-1.0
1,16:57:39.807047,16:58:11.809927,1,-1.0
1,16:57:39.807047,16:58:11.989544,1,-1.0
1,16:57:39.807047,16:58:12.192548,1,-1.0
1,16:57:39.807047,16:58:12.402193,1,-1.0
1,16:57:39.807047,16:58:12.611171,1,-1.0
1,16:57:39.807047,16:58:12.810858,1,-1.0
1,16:57:39.807047,16:58:13.013275,1,-1.0
1,16:57:39.807047,16:58:13.241552,1,-1.0
1,16:57:39.807047,16:58:13.452693,1,-1.0
1,16:57:39.807047,16:58:13.628746,1,-1.0
1,16:57:39.807047,16:58:13.863780,1,-1.0
1,16:57:39.807047,16:58:14.067028,1,-1.0
1,16:57:39.807047,16:58:14.256482,1,-1.0
1,16:57:39.807047,16:58:14.461281,1,-1.0
1,16:57:39.807047,16:58:14.660272,1,-1.0
1,16:57:39.807047,16:58:14.852627,1,-1.0
Episode,Ep start ts,Feedback ts,Human Reward,Environment Reward
2,16:58:15.162337,16:58:16.214414,1,-1.0
2,16:58:15.162337,16:58:16.415792,1,-1.0
2,16:58:15.162337,16:58:16.692003,1,-1.0
2,16:58:15.162337,16:58:16.922008,1,-1.0
2,16:58:15.162337,16:58:17.150557,1,-1.0
2,16:58:15.162337,16:58:17.355682,1,-1.0
2,16:58:15.162337,16:58:17.573387,1,-1.0
2,16:58:15.162337,16:58:17.781389,1,-1.0
2,16:58:15.162337,16:58:18.000060,1,-1.0
2,16:58:15.162337,16:58:18.237669,1,-1.0
2,16:58:15.162337,16:58:18.446448,1,-1.0
2,16:58:15.162337,16:58:18.668019,1,-1.0
2,16:58:15.162337,16:58:18.898103,1,-1.0
2,16:58:15.162337,16:58:19.146204,1,-1.0
2,16:58:15.162337,16:58:19.379956,1,-1.0
2,16:58:15.162337,16:58:19.617405,1,-1.0
2,16:58:15.162337,16:58:19.870204,1,-1.0
2,16:58:15.162337,16:58:20.089990,1,-1.0
2,16:58:15.162337,16:58:20.317211,1,-1.0
2,16:58:15.162337,16:58:20.528896,1,-1.0
2,16:58:15.162337,16:58:20.770344,1,-1.0
2,16:58:15.162337,16:58:20.997206,1,-1.0
2,16:58:15.162337,16:58:21.258828,1,-1.0
2,16:58:15.162337,16:58:21.486450,1,-1.0
2,16:58:15.162337,16:58:21.739481,1,-1.0
2,16:58:15.162337,16:58:21.982097,1,-1.0
2,16:58:15.162337,16:58:22.278865,1,-1.0
2,16:58:15.162337,16:58:22.508564,1,-1.0
2,16:58:15.162337,16:58:22.736168,1,-1.0
2,16:58:15.162337,16:58:23.010164,1,-1.0
2,16:58:15.162337,16:58:23.238946,1,-1.0
2,16:58:15.162337,16:58:23.454403,1,-1.0
2,16:58:15.162337,16:58:23.679077,1,-1.0
2,16:58:15.162337,16:58:23.903238,1,-1.0
2,16:58:15.162337,16:58:24.150697,1,-1.0
2,16:58:15.162337,16:58:24.376823,1,-1.0
2,16:58:15.162337,16:58:24.642920,1,-1.0
2,16:58:15.162337,16:58:24.711096,-1,-1.0
2,16:58:15.162337,16:58:24.897337,-1,-1.0
2,16:58:15.162337,16:58:25.102061,-1,-1.0
2,16:58:15.162337,16:58:25.371748,-1,-1.0
2,16:58:15.162337,16:58:25.808096,1,-1.0
2,16:58:15.162337,16:58:25.968952,1,-1.0
2,16:58:15.162337,16:58:26.172428,1,-1.0
2,16:58:15.162337,16:58:26.381408,1,-1.0
2,16:58:15.162337,16:58:26.572380,1,-1.0
2,16:58:15.162337,16:58:26.824554,1,-1.0
2,16:58:15.162337,16:58:27.013233,1,-1.0
2,16:58:15.162337,16:58:27.303699,1,-1.0
2,16:58:15.162337,16:58:27.433811,1,-1.0
2,16:58:15.162337,16:58:27.654833,1,-1.0
2,16:58:15.162337,16:58:27.870998,1,-1.0
2,16:58:15.162337,16:58:28.074500,1,-1.0
2,16:58:15.162337,16:58:28.300588,1,-1.0
2,16:58:15.162337,16:58:28.524129,1,-1.0
2,16:58:15.162337,16:58:28.734751,1,-1.0
2,16:58:15.162337,16:58:28.939006,1,-1.0
2,16:58:15.162337,16:58:29.185607,1,-1.0
2,16:58:15.162337,16:58:29.392735,1,-1.0
2,16:58:15.162337,16:58:29.624016,1,-1.0
2,16:58:15.162337,16:58:29.867717,1,-1.0
2,16:58:15.162337,16:58:30.070985,1,-1.0
2,16:58:15.162337,16:58:30.289732,1,-1.0
2,16:58:15.162337,16:58:30.524723,1,-1.0
2,16:58:15.162337,16:58:30.724423,1,-1.0
2,16:58:15.162337,16:58:30.950819,1,-1.0
2,16:58:15.162337,16:58:31.180473,1,-1.0
2,16:58:15.162337,16:58:31.414230,1,-1.0
2,16:58:15.162337,16:58:31.656227,1,-1.0
2,16:58:15.162337,16:58:31.970291,1,-1.0
2,16:58:15.162337,16:58:32.313071,1,-1.0
2,16:58:15.162337,16:58:32.567356,-1,-1.0
2,16:58:15.162337,16:58:32.773135,-1,-1.0
2,16:58:15.162337,16:58:32.958827,-1,-1.0
2,16:58:15.162337,16:58:33.210108,-1,-1.0
2,16:58:15.162337,16:58:33.453397,-1,-1.0
2,16:58:15.162337,16:58:33.795139,-1,-1.0
2,16:58:15.162337,16:58:33.989631,1,-1.0
2,16:58:15.162337,16:58:34.153341,1,-1.0
2,16:58:15.162337,16:58:34.391734,1,-1.0
2,16:58:15.162337,16:58:34.579455,1,-1.0
2,16:58:15.162337,16:58:34.795740,1,-1.0
2,16:58:15.162337,16:58:35.000672,1,-1.0
2,16:58:15.162337,16:58:35.217753,1,-1.0
2,16:58:15.162337,16:58:35.436607,1,-1.0
2,16:58:15.162337,16:58:35.647566,1,-1.0
2,16:58:15.162337,16:58:35.829622,1,-1.0
2,16:58:15.162337,16:58:36.016140,1,-1.0
2,16:58:15.162337,16:58:36.200140,1,-1.0
2,16:58:15.162337,16:58:36.377468,1,-1.0
2,16:58:15.162337,16:58:36.564072,1,-1.0
2,16:58:15.162337,16:58:36.717170,1,-1.0
2,16:58:15.162337,16:58:36.887042,1,-1.0
2,16:58:15.162337,16:58:37.107101,1,-1.0
2,16:58:15.162337,16:58:37.317804,1,-1.0
2,16:58:15.162337,16:58:37.499644,1,-1.0
2,16:58:15.162337,16:58:37.701799,1,-1.0
2,16:58:15.162337,16:58:37.890509,1,-1.0
2,16:58:15.162337,16:58:38.105922,1,-1.0
2,16:58:15.162337,16:58:38.291759,1,-1.0
2,16:58:15.162337,16:58:38.501314,1,-1.0
2,16:58:15.162337,16:58:38.691279,1,-1.0
2,16:58:15.162337,16:58:38.922816,1,-1.0
2,16:58:15.162337,16:58:39.089817,1,-1.0
2,16:58:15.162337,16:58:39.307667,1,-1.0
2,16:58:15.162337,16:58:39.516196,1,-1.0
2,16:58:15.162337,16:58:39.738775,1,-1.0
2,16:58:15.162337,16:58:39.923324,1,-1.0
2,16:58:15.162337,16:58:40.150851,1,-1.0
2,16:58:15.162337,16:58:40.354639,1,-1.0
2,16:58:15.162337,16:58:40.598656,1,-1.0
Episode,Ep start ts,Feedback ts,Human Reward,Environment Reward
3,16:58:40.602748,16:58:41.823211,1,-1.0
3,16:58:40.602748,16:58:42.046314,1,-1.0
3,16:58:40.602748,16:58:42.273731,1,-1.0
3,16:58:40.602748,16:58:42.465746,1,-1.0
3,16:58:40.602748,16:58:42.661507,1,-1.0
3,16:58:40.602748,16:58:42.862471,1,-1.0
3,16:58:40.602748,16:58:43.085110,1,-1.0
3,16:58:40.602748,16:58:43.288435,1,-1.0
3,16:58:40.602748,16:58:43.508951,1,-1.0
3,16:58:40.602748,16:58:43.743052,1,-1.0
3,16:58:40.602748,16:58:43.985257,1,-1.0
3,16:58:40.602748,16:58:44.229449,1,-1.0
3,16:58:40.602748,16:58:44.506698,1,-1.0
3,16:58:40.602748,16:58:44.731184,1,-1.0
3,16:58:40.602748,16:58:45.017681,1,-1.0
3,16:58:40.602748,16:58:45.266067,1,-1.0
3,16:58:40.602748,16:58:45.473637,1,-1.0
3,16:58:40.602748,16:58:45.702255,1,-1.0
3,16:58:40.602748,16:58:45.940034,1,-1.0
3,16:58:40.602748,16:58:46.160637,1,-1.0
3,16:58:40.602748,16:58:46.370452,1,-1.0
3,16:58:40.602748,16:58:46.596813,1,-1.0
3,16:58:40.602748,16:58:46.820461,1,-1.0
3,16:58:40.602748,16:58:47.005352,1,-1.0
3,16:58:40.602748,16:58:47.219929,1,-1.0
3,16:58:40.602748,16:58:47.435857,1,-1.0
3,16:58:40.602748,16:58:47.630982,1,-1.0
3,16:58:40.602748,16:58:47.869536,1,-1.0
3,16:58:40.602748,16:58:48.146507,1,-1.0
3,16:58:40.602748,16:58:48.390672,1,-1.0
3,16:58:40.602748,16:58:48.635092,1,-1.0
3,16:58:40.602748,16:58:48.882554,1,-1.0
3,16:58:40.602748,16:58:49.176710,1,-1.0
3,16:58:40.602748,16:58:49.481377,1,-1.0
3,16:58:40.602748,16:58:49.857263,1,-1.0
3,16:58:40.602748,16:58:50.156538,1,-1.0
3,16:58:40.602748,16:58:50.464729,1,-1.0
3,16:58:40.602748,16:58:50.756506,1,-1.0
3,16:58:40.602748,16:58:51.072402,1,-1.0
3,16:58:40.602748,16:58:51.326833,1,-1.0
3,16:58:40.602748,16:58:51.671924,1,-1.0
3,16:58:40.602748,16:58:51.969027,1,-1.0
3,16:58:40.602748,16:58:52.502174,1,-1.0
3,16:58:40.602748,16:58:52.729022,1,-1.0
3,16:58:40.602748,16:58:52.968832,1,-1.0
3,16:58:40.602748,16:58:53.485247,-1,-1.0
3,16:58:40.602748,16:58:53.682001,-1,-1.0
3,16:58:40.602748,16:58:53.889497,-1,-1.0
3,16:58:40.602748,16:58:54.130133,1,-1.0
3,16:58:40.602748,16:58:54.483970,-1,-1.0
3,16:58:40.602748,16:58:54.756293,1,-1.0
3,16:58:40.602748,16:58:54.969646,1,-1.0
3,16:58:40.602748,16:58:55.145002,1,-1.0
3,16:58:40.602748,16:58:55.301347,1,-1.0
3,16:58:40.602748,16:58:55.486231,1,-1.0
3,16:58:40.602748,16:58:55.654942,1,-1.0
3,16:58:40.602748,16:58:55.835782,1,-1.0
3,16:58:40.602748,16:58:56.004710,1,-1.0
3,16:58:40.602748,16:58:56.207903,1,-1.0
3,16:58:40.602748,16:58:56.406254,1,-1.0
3,16:58:40.602748,16:58:56.581175,1,-1.0
3,16:58:40.602748,16:58:56.775423,1,-1.0
3,16:58:40.602748,16:58:56.968530,1,-1.0
3,16:58:40.602748,16:58:57.158887,1,-1.0
3,16:58:40.602748,16:58:57.353378,1,-1.0
3,16:58:40.602748,16:58:57.558709,1,-1.0
3,16:58:40.602748,16:58:57.779960,1,-1.0
3,16:58:40.602748,16:58:57.965255,1,-1.0
3,16:58:40.602748,16:58:58.197145,1,-1.0
3,16:58:40.602748,16:58:58.411732,1,-1.0
3,16:58:40.602748,16:58:58.673561,1,-1.0
3,16:58:40.602748,16:58:58.845571,1,-1.0
3,16:58:40.602748,16:58:59.028907,1,-1.0
3,16:58:40.602748,16:58:59.273114,1,-1.0
3,16:58:40.602748,16:58:59.635364,1,-1.0
3,16:58:40.602748,16:58:59.843106,1,-1.0
3,16:58:40.602748,16:59:00.075459,1,-1.0
3,16:58:40.602748,16:59:00.345314,1,-1.0
3,16:58:40.602748,16:59:00.530416,1,-1.0
3,16:58:40.602748,16:59:00.787029,1,-1.0
3,16:58:40.602748,16:59:01.001431,1,-1.0
3,16:58:40.602748,16:59:01.279938,1,-1.0
3,16:58:40.602748,16:59:01.656049,1,-1.0
3,16:58:40.602748,16:59:02.110431,-1,-1.0
3,16:58:40.602748,16:59:02.374096,1,-1.0
3,16:58:40.602748,16:59:02.598147,1,-1.0
3,16:58:40.602748,16:59:02.796190,1,-1.0
3,16:58:40.602748,16:59:02.986743,1,-1.0
3,16:58:40.602748,16:59:03.198991,1,-1.0
3,16:58:40.602748,16:59:03.363642,1,-1.0
3,16:58:40.602748,16:59:03.554014,1,-1.0
3,16:58:40.602748,16:59:03.745853,1,-1.0
3,16:58:40.602748,16:59:03.957992,1,-1.0
3,16:58:40.602748,16:59:04.135206,1,-1.0
3,16:58:40.602748,16:59:04.349959,1,-1.0
3,16:58:40.602748,16:59:04.542955,1,-1.0
3,16:58:40.602748,16:59:04.777097,1,-1.0
3,16:58:40.602748,16:59:04.952663,1,-1.0
3,16:58:40.602748,16:59:05.165109,1,-1.0
3,16:58:40.602748,16:59:05.398511,1,-1.0
3,16:58:40.602748,16:59:05.596840,1,-1.0
3,16:58:40.602748,16:59:05.807487,1,-1.0
3,16:58:40.602748,16:59:06.015363,1,-1.0
3,16:58:40.602748,16:59:06.204001,1,-1.0
3,16:58:40.602748,16:59:06.378768,1,-1.0
3,16:58:40.602748,16:59:06.565935,1,-1.0
3,16:58:40.602748,16:59:06.765979,1,-1.0
3,16:58:40.602748,16:59:06.930230,1,-1.0
3,16:58:40.602748,16:59:07.125562,1,-1.0
3,16:58:40.602748,16:59:07.311293,1,-1.0
3,16:58:40.602748,16:59:07.525238,1,-1.0
3,16:58:40.602748,16:59:07.767852,1,-1.0
3,16:58:40.602748,16:59:07.986857,1,-1.0
3,16:58:40.602748,16:59:08.187481,1,-1.0
3,16:58:40.602748,16:59:08.395499,1,-1.0
3,16:58:40.602748,16:59:08.604748,1,-1.0
3,16:58:40.602748,16:59:08.830692,1,-1.0
3,16:58:40.602748,16:59:09.081526,1,-1.0
3,16:58:40.602748,16:59:09.305082,1,-1.0
3,16:58:40.602748,16:59:09.550464,1,-1.0
3,16:58:40.602748,16:59:09.765879,1,-1.0
3,16:58:40.602748,16:59:09.997417,1,-1.0
Episode,Ep start ts,Feedback ts,Human Reward,Environment Reward
4,16:59:10.000486,16:59:10.247073,1,-1.0
4,16:59:10.000486,16:59:11.164011,1,-1.0
4,16:59:10.000486,16:59:11.388020,1,-1.0
4,16:59:10.000486,16:59:11.611693,1,-1.0
4,16:59:10.000486,16:59:11.818471,1,-1.0
4,16:59:10.000486,16:59:12.028405,1,-1.0
4,16:59:10.000486,16:59:12.213920,1,-1.0
4,16:59:10.000486,16:59:12.419976,1,-1.0
4,16:59:10.000486,16:59:12.611381,1,-1.0
4,16:59:10.000486,16:59:12.806765,1,-1.0
4,16:59:10.000486,16:59:13.039251,1,-1.0
4,16:59:10.000486,16:59:13.251922,1,-1.0
4,16:59:10.000486,16:59:13.471185,1,-1.0
4,16:59:10.000486,16:59:13.753823,1,-1.0
4,16:59:10.000486,16:59:14.166154,-1,-1.0
4,16:59:10.000486,16:59:14.450414,-1,-1.0
4,16:59:10.000486,16:59:14.894267,-1,-1.0
4,16:59:10.000486,16:59:15.105516,-1,-1.0
4,16:59:10.000486,16:59:15.440779,-1,-1.0
4,16:59:10.000486,16:59:15.723928,-1,-1.0
4,16:59:10.000486,16:59:15.930645,-1,-1.0
4,16:59:10.000486,16:59:16.265463,1,-1.0
4,16:59:10.000486,16:59:16.454629,1,-1.0
4,16:59:10.000486,16:59:16.637866,1,-1.0
4,16:59:10.000486,16:59:16.817684,1,-1.0
4,16:59:10.000486,16:59:17.023087,1,-1.0
4,16:59:10.000486,16:59:17.163987,1,-1.0
4,16:59:10.000486,16:59:17.371780,1,-1.0
4,16:59:10.000486,16:59:17.570482,1,-1.0
4,16:59:10.000486,16:59:17.769025,1,-1.0
4,16:59:10.000486,16:59:17.988289,1,-1.0
4,16:59:10.000486,16:59:18.262292,1,-1.0
4,16:59:10.000486,16:59:18.425800,1,-1.0
4,16:59:10.000486,16:59:18.631973,1,-1.0
4,16:59:10.000486,16:59:18.835385,1,-1.0
4,16:59:10.000486,16:59:19.081357,1,-1.0
4,16:59:10.000486,16:59:19.287992,1,-1.0
4,16:59:10.000486,16:59:19.514717,1,-1.0
4,16:59:10.000486,16:59:19.723268,1,-1.0
4,16:59:10.000486,16:59:19.942968,1,-1.0
4,16:59:10.000486,16:59:20.179813,1,-1.0
4,16:59:10.000486,16:59:20.453680,1,-1.0
4,16:59:10.000486,16:59:20.759540,1,-1.0
4,16:59:10.000486,16:59:21.018573,1,-1.0
4,16:59:10.000486,16:59:21.271886,1,-1.0
4,16:59:10.000486,16:59:21.561754,1,-1.0
4,16:59:10.000486,16:59:21.838065,1,-1.0
4,16:59:10.000486,16:59:22.112958,1,-1.0
4,16:59:10.000486,16:59:22.345064,1,-1.0
4,16:59:10.000486,16:59:22.564095,1,-1.0
4,16:59:10.000486,16:59:22.804964,1,-1.0
4,16:59:10.000486,16:59:23.061373,1,-1.0
4,16:59:10.000486,16:59:23.403138,1,-1.0
4,16:59:10.000486,16:59:23.642932,1,-1.0
4,16:59:10.000486,16:59:23.954640,1,-1.0
4,16:59:10.000486,16:59:24.197521,1,-1.0
4,16:59:10.000486,16:59:24.531408,1,-1.0
4,16:59:10.000486,16:59:24.865156,1,-1.0
4,16:59:10.000486,16:59:25.093536,1,-1.0
4,16:59:10.000486,16:59:25.343775,1,-1.0
4,16:59:10.000486,16:59:25.780810,-1,-1.0
4,16:59:10.000486,16:59:26.091304,1,-1.0
4,16:59:10.000486,16:59:26.512772,-1,-1.0
4,16:59:10.000486,16:59:26.774990,1,-1.0
4,16:59:10.000486,16:59:27.009174,1,-1.0
4,16:59:10.000486,16:59:27.179266,1,-1.0
4,16:59:10.000486,16:59:27.328849,1,-1.0
4,16:59:10.000486,16:59:27.481073,1,-1.0
4,16:59:10.000486,16:59:27.681768,1,-1.0
4,16:59:10.000486,16:59:27.770243,1,-1.0
4,16:59:10.000486,16:59:27.964057,1,-1.0
4,16:59:10.000486,16:59:28.079496,1,-1.0
4,16:59:10.000486,16:59:28.222238,1,-1.0
4,16:59:10.000486,16:59:28.396173,1,-1.0
4,16:59:10.000486,16:59:28.549226,1,-1.0
4,16:59:10.000486,16:59:28.733748,1,-1.0
4,16:59:10.000486,16:59:28.904100,1,-1.0
4,16:59:10.000486,16:59:29.091424,1,-1.0
4,16:59:10.000486,16:59:29.271900,1,-1.0
4,16:59:10.000486,16:59:29.451812,1,-1.0
4,16:59:10.000486,16:59:29.622568,1,-1.0
4,16:59:10.000486,16:59:29.824431,1,-1.0
4,16:59:10.000486,16:59:29.998378,1,-1.0
4,16:59:10.000486,16:59:30.210321,1,-1.0
4,16:59:10.000486,16:59:30.381061,1,-1.0
4,16:59:10.000486,16:59:30.578268,1,-1.0
4,16:59:10.000486,16:59:30.790462,1,-1.0
4,16:59:10.000486,16:59:31.043785,1,-1.0
4,16:59:10.000486,16:59:31.284855,1,-1.0
4,16:59:10.000486,16:59:31.531034,1,-1.0
4,16:59:10.000486,16:59:31.798319,1,-1.0
4,16:59:10.000486,16:59:32.031845,1,-1.0
4,16:59:10.000486,16:59:32.251108,1,-1.0
4,16:59:10.000486,16:59:32.523238,1,-1.0
4,16:59:10.000486,16:59:32.723957,1,-1.0
4,16:59:10.000486,16:59:32.923979,1,-1.0
4,16:59:10.000486,16:59:33.134711,1,-1.0
4,16:59:10.000486,16:59:33.357292,1,-1.0
4,16:59:10.000486,16:59:33.612570,1,-1.0
4,16:59:10.000486,16:59:33.824562,1,-1.0
4,16:59:10.000486,16:59:34.030378,1,-1.0
4,16:59:10.000486,16:59:34.249666,1,-1.0
Episode,Ep start ts,Feedback ts,Human Reward,Environment Reward
5,16:59:34.253140,16:59:35.191896,-1,-1.0
5,16:59:34.253140,16:59:35.467142,1,-1.0
5,16:59:34.253140,16:59:35.653910,1,-1.0
5,16:59:34.253140,16:59:35.809894,1,-1.0
5,16:59:34.253140,16:59:35.940524,1,-1.0
5,16:59:34.253140,16:59:36.203846,1,-1.0
5,16:59:34.253140,16:59:36.392151,1,-1.0
5,16:59:34.253140,16:59:36.568396,1,-1.0
5,16:59:34.253140,16:59:36.748671,1,-1.0
5,16:59:34.253140,16:59:36.921455,1,-1.0
5,16:59:34.253140,16:59:37.097619,1,-1.0
5,16:59:34.253140,16:59:37.352883,1,-1.0
5,16:59:34.253140,16:59:37.523958,1,-1.0
5,16:59:34.253140,16:59:37.774159,1,-1.0
5,16:59:34.253140,16:59:37.963853,1,-1.0
5,16:59:34.253140,16:59:38.111406,1,-1.0
5,16:59:34.253140,16:59:38.283661,1,-1.0
5,16:59:34.253140,16:59:38.439720,1,-1.0
5,16:59:34.253140,16:59:38.601331,1,-1.0
5,16:59:34.253140,16:59:38.757301,1,-1.0
5,16:59:34.253140,16:59:38.910039,1,-1.0
5,16:59:34.253140,16:59:39.050529,1,-1.0
5,16:59:34.253140,16:59:39.205429,1,-1.0
5,16:59:34.253140,16:59:39.377362,1,-1.0
5,16:59:34.253140,16:59:39.535329,1,-1.0
5,16:59:34.253140,16:59:39.686581,1,-1.0
5,16:59:34.253140,16:59:39.848346,1,-1.0
5,16:59:34.253140,16:59:40.006887,1,-1.0
5,16:59:34.253140,16:59:40.155530,1,-1.0
5,16:59:34.253140,16:59:40.318222,1,-1.0
5,16:59:34.253140,16:59:40.442433,1,-1.0
5,16:59:34.253140,16:59:40.615486,1,-1.0
5,16:59:34.253140,16:59:40.771168,1,-1.0
5,16:59:34.253140,16:59:40.927900,1,-1.0
5,16:59:34.253140,16:59:41.082115,1,-1.0
5,16:59:34.253140,16:59:41.254475,1,-1.0
5,16:59:34.253140,16:59:41.426618,1,-1.0
5,16:59:34.253140,16:59:41.581608,1,-1.0
5,16:59:34.253140,16:59:41.760713,1,-1.0
5,16:59:34.253140,16:59:41.915923,1,-1.0
5,16:59:34.253140,16:59:42.091947,1,-1.0
5,16:59:34.253140,16:59:42.256818,1,-1.0
5,16:59:34.253140,16:59:42.489851,-1,-1.0
5,16:59:34.253140,16:59:42.645753,1,-1.0
5,16:59:34.253140,16:59:42.837346,1,-1.0
5,16:59:34.253140,16:59:43.033889,1,-1.0
5,16:59:34.253140,16:59:43.204737,1,-1.0
5,16:59:34.253140,16:59:43.357862,1,-1.0
5,16:59:34.253140,16:59:43.515391,1,-1.0
5,16:59:34.253140,16:59:43.683024,1,-1.0
5,16:59:34.253140,16:59:43.845703,1,-1.0
5,16:59:34.253140,16:59:43.997840,1,-1.0
5,16:59:34.253140,16:59:44.171368,1,-1.0
5,16:59:34.253140,16:59:44.330896,1,-1.0
5,16:59:34.253140,16:59:44.493925,1,-1.0
5,16:59:34.253140,16:59:44.678829,1,-1.0
5,16:59:34.253140,16:59:44.838352,1,-1.0
5,16:59:34.253140,16:59:45.021513,1,-1.0
5,16:59:34.253140,16:59:45.195344,1,-1.0
5,16:59:34.253140,16:59:45.371825,1,-1.0
5,16:59:34.253140,16:59:45.560952,1,-1.0
5,16:59:34.253140,16:59:45.738751,1,-1.0
5,16:59:34.253140,16:59:45.926441,1,-1.0
5,16:59:34.253140,16:59:46.128691,1,-1.0
5,16:59:34.253140,16:59:46.342092,1,-1.0
5,16:59:34.253140,16:59:46.525457,1,-1.0
5,16:59:34.253140,16:59:46.697439,1,-1.0
5,16:59:34.253140,16:59:46.892642,1,-1.0
5,16:59:34.253140,16:59:47.070377,1,-1.0
5,16:59:34.253140,16:59:47.245027,1,-1.0
5,16:59:34.253140,16:59:47.419969,1,-1.0
5,16:59:34.253140,16:59:47.592116,1,-1.0
5,16:59:34.253140,16:59:47.774630,1,-1.0
5,16:59:34.253140,16:59:47.959290,1,-1.0
5,16:59:34.253140,16:59:48.133302,1,-1.0
5,16:59:34.253140,16:59:48.353198,1,-1.0
5,16:59:34.253140,16:59:48.582906,1,-1.0
5,16:59:34.253140,16:59:48.887464,1,-1.0
5,16:59:34.253140,16:59:49.067951,1,-1.0
5,16:59:34.253140,16:59:49.250160,1,-1.0
5,16:59:34.253140,16:59:49.435202,1,-1.0
5,16:59:34.253140,16:59:49.627845,1,-1.0
5,16:59:34.253140,16:59:49.835655,1,-1.0
5,16:59:34.253140,16:59:50.042398,1,-1.0
5,16:59:34.253140,16:59:50.235881,1,-1.0
5,16:59:34.253140,16:59:50.454840,1,-1.0
5,16:59:34.253140,16:59:50.945454,1,-1.0
5,16:59:34.253140,16:59:51.175606,1,-1.0
5,16:59:34.253140,16:59:51.360856,1,-1.0
5,16:59:34.253140,16:59:51.546162,1,-1.0
5,16:59:34.253140,16:59:51.716273,1,-1.0
5,16:59:34.253140,16:59:51.896625,1,-1.0
5,16:59:34.253140,16:59:52.070979,1,-1.0
5,16:59:34.253140,16:59:52.241763,1,-1.0
5,16:59:34.253140,16:59:52.423730,1,-1.0
5,16:59:34.253140,16:59:52.603605,1,-1.0
5,16:59:34.253140,16:59:52.786388,1,-1.0
5,16:59:34.253140,16:59:52.963072,1,-1.0
5,16:59:34.253140,16:59:53.148812,1,-1.0
5,16:59:34.253140,16:59:53.335223,1,-1.0
5,16:59:34.253140,16:59:53.512449,1,-1.0
5,16:59:34.253140,16:59:53.692744,1,-1.0
5,16:59:34.253140,16:59:53.874430,1,-1.0
5,16:59:34.253140,16:59:54.058591,1,-1.0
5,16:59:34.253140,16:59:54.254593,1,-1.0
5,16:59:34.253140,16:59:54.432463,1,-1.0
